{"n_steps": 32, "gamma": 0.9219513462075898, "learning_rate": 0.0008247862823389501, "ent_coef": 0.05764738718774189, "vf_coef": 0.24613796230823268, "max_grad_norm": 0.8379923618752754}