{"batch_size": 64, "n_steps": 128, "gamma": 0.9609610335365972, "learning_rate": 0.0004045201186876571, "clip_range": 0.3525024480214578, "gae_lambda": 0.9553970353438237}