{"learning_rate": 5.8778983576095745e-05, "learning_starts": 30000, "batch_size": 512, "gamma": 0.8725607763842587, "train_freq": 8, "gradient_steps": 1, "exploration_final_eps": 0.06999189354271829, "exploration_fraction": 0.34412108119160434}