{"batch_size": 128, "n_steps": 256, "gamma": 0.9560821301100058, "learning_rate": 0.0009697975901111305, "clip_range": 0.37281645364831995, "gae_lambda": 0.9043651572782224, "ent_coef": 0.00727905612251794, "vf_coef": 0.49282068512883936, "max_grad_norm": 0.7994437708612409}