{"batch_size": 256, "n_steps": 256, "gamma": 0.9203938773776468, "learning_rate": 3.498635674066087e-05, "gae_lambda": 0.8277127959450231, "n_critic_updates": 30, "cg_max_steps": 20, "target_kl": 0.03}